<?xml version="1.0" encoding="UTF-8" standalone="no"?>
<registration_data version="1.0">
   <environment>
      <hostname>APACCNSHZJW0484</hostname>
      <hostId/>
      <osName>Windows XP</osName>
      <osVersion>5.1</osVersion>
      <osArchitecture>x86</osArchitecture>
      <systemModel>HP Compaq 6005 Pro SFF PC</systemModel>
      <systemManufacturer>Hewlett-Packard</systemManufacturer>
      <cpuManufacturer>AuthenticAMD</cpuManufacturer>
      <serialNumber>CNG0090H0Z</serialNumber>
   </environment>
   <registry urn="urn:st:f267b3e9-1756-4833-a562-d7e3f880ded9" version="1.0">
      <service_tag>
         <instance_urn>urn:st:af3c7caf-ed48-4c86-b6b2-6e4404c3d1e5</instance_urn>
         <product_name>Java SE 6 Development Kit</product_name>
         <product_version>1.6.0_07</product_version>
         <product_urn>urn:uuid:b58ef9a8-5ae8-11db-a023-080020a9ed93</product_urn>
         <product_parent_urn>urn:uuid:fdc90b21-018d-4cab-b866-612c7c119ed3</product_parent_urn>
         <product_parent>Java Platform Standard Edition 6 (Java SE 6)</product_parent>
         <product_defined_inst_id>id=1.6.0_07-b06 x86,dir=c:\Program Files\Java\jdk1.6.0_07\jre</product_defined_inst_id>
         <product_vendor>Sun Microsystems</product_vendor>
         <platform_arch>x86</platform_arch>
         <timestamp>2011-05-26 10:38:44 GMT</timestamp>
         <container>global</container>
         <source>Windows JDK i586 installer</source>
         <installer_uid>-1</installer_uid>
      </service_tag>
   </registry>
</registration_data>
